{
  "Amazonas": ["Leticia", "Puerto Nariño"],
  "Antioquia": ["Medellín", "Bello", "Itagüí", "Envigado"],
  "Atlántico": ["Barranquilla", "Soledad", "Malambo", "Puerto Colombia"],
  "Bolívar": ["Cartagena", "Magangué", "Turbaco", "Mompox"],
  "Boyacá": ["Tunja", "Sogamoso", "Duitama"],
  "Caldas": ["Manizales", "Chinchiná", "Villamaría"],
  "Caquetá": ["Florencia", "Belén de los Andaquíes"],
  "Cauca": ["Popayán", "Santander de Quilichao"],
  "Cesar": ["Valledupar", "Aguachica"],
  "Córdoba": ["Montería", "Lorica", "Sahagún", "Cereté"],
  "Cundinamarca": ["Soacha", "Zipaquirá", "Facatativá", "Girardot"],
  "Chocó": ["Quibdó", "Istmina"],
  "Huila": ["Neiva", "Pitalito"],
  "La Guajira": ["Riohacha", "Maicao", "Uribia"],
  "Magdalena": ["Santa Marta", "Ciénaga"],
  "Meta": ["Villavicencio", "Acacías"],
  "Nariño": ["Pasto", "Ipiales", "Tumaco"],
  "Norte de Santander": ["Cúcuta", "Ocaña"],
  "Quindío": ["Armenia", "Montenegro"],
  "Risaralda": ["Pereira", "Dosquebradas"],
  "Santander": ["Bucaramanga", "Floridablanca", "Barrancabermeja"],
  "Sucre": ["Sincelejo", "Corozal", "Sampués", "San Marcos"],
  "Tolima": ["Ibagué", "Espinal"],
  "Valle del Cauca": ["Cali", "Palmira", "Buenaventura"],
  "Arauca": ["Arauca"],
  "Casanare": ["Yopal"],
  "Putumayo": ["Mocoa", "Puerto Asís"],
  "San Andrés y Providencia": ["San Andrés"],
  "Guainía": ["Inírida"],
  "Guaviare": ["San José del Guaviare"],
  "Vaupés": ["Mitú"],
  "Vichada": ["Puerto Carreño"]
}
